{
  "version": 1,
  "author": "maniac sucks",
  "editor": "wokwi",
  "parts": [
    { "type": "wokwi-arduino-mega", "id": "mega", "top": 0, "left": 0, "attrs": {} },
    {
      "type": "wokwi-7segment",
      "id": "sevseg1",
      "top": -61.38,
      "left": 500.32,
      "attrs": { "digits": "4", "common": "anode" }
    }
  ],
  "connections": [
    [ "sevseg1:DIG1", "mega:2", "gold", [ "v-20", "h0" ] ],
    [ "sevseg1:DIG2", "mega:3", "green", [ "v-24", "h0" ] ],
    [ "sevseg1:DIG3", "mega:4", "orange", [ "v-28", "h0" ] ],
    [ "sevseg1:DIG4", "mega:5", "purple", [ "v28", "h-150", "*", "v-16" ] ],
    [ "sevseg1:A", "mega:6", "gray", [ "v-16", "h0" ] ],
    [ "sevseg1:B", "mega:7", "purple", [ "v-36", "h0" ] ],
    [ "sevseg1:C", "mega:8", "blue", [ "v20", "h-120", "*", "v-20" ] ],
    [ "sevseg1:D", "mega:9", "cyan", [ "v16", "h-94", "*", "v-24" ] ],
    [ "sevseg1:E", "mega:10", "green", [ "v12", "h-80", "*", "v-28" ] ],
    [ "sevseg1:F", "mega:11", "brown", [ "v-40", "h0" ] ],
    [ "sevseg1:G", "mega:12", "orange", [ "v24", "h-134", "*", "v-32" ] ],
    [ "sevseg1:CLN", "mega:13", "cyan", [ "v-44", "h0" ] ],
    [ "sevseg1:COM", "mega:5V", "red", [ "v300", "h0" ] ]
  ],
  "dependencies": {}
}