{
  "version": 1,
  "author": "maniac sucks",
  "editor": "wokwi",
  "parts": [
    { "type": "wokwi-arduino-mega", "id": "mega", "top": 10.2, "left": -3.6, "attrs": {} },
    {
      "type": "wokwi-7segment",
      "id": "sevseg1",
      "top": -109.38,
      "left": 20.32,
      "attrs": { "digits": "4", "common": "cathode" }
    },
    { "type": "wokwi-hc-sr04", "id": "ultrasonic1", "top": -75.3, "left": 322.3, "attrs": {} }
  ],
  "connections": [
    [ "sevseg1:A", "mega:2", "green", [ "v0" ] ],
    [ "sevseg1:B", "mega:3", "green", [ "v0" ] ],
    [ "sevseg1:C", "mega:4", "green", [ "v0" ] ],
    [ "sevseg1:D", "mega:5", "green", [ "v0" ] ],
    [ "sevseg1:E", "mega:6", "green", [ "v0" ] ],
    [ "sevseg1:F", "mega:7", "green", [ "v0" ] ],
    [ "sevseg1:G", "mega:8", "green", [ "v0" ] ],
    [ "sevseg1:DIG1", "mega:9", "green", [ "v0" ] ],
    [ "sevseg1:DIG2", "mega:10", "green", [ "v0" ] ],
    [ "sevseg1:DIG3", "mega:11", "green", [ "v0" ] ],
    [ "sevseg1:DIG4", "mega:12", "green", [ "v0" ] ],
    [ "sevseg1:COM", "mega:GND.1", "black", [ "h0" ] ],
    [ "mega:14", "ultrasonic1:TRIG", "green", [ "v0" ] ],
    [ "ultrasonic1:ECHO", "mega:15", "green", [ "v0" ] ],
    [ "ultrasonic1:VCC", "mega:5V", "red", [ "v0" ] ],
    [ "ultrasonic1:GND", "mega:GND.2", "black", [ "v0" ] ]
  ],
  "dependencies": {}
}